{
 "templeR0013": [
  [
   0.9999999980543897,
   -6.182408859174182e-05,
   -8.306796838749079e-06,
   1.0917386319979212e-06
  ],
  [
   6.182388338478764e-05,
   0.999999997783822,
   -2.4701486323056105e-05,
   -1.9898691138220127e-06
  ],
  [
   8.30832396720142e-06,
   2.4700972716563327e-05,
   0.9999999996604169,
   -1.1492911499713065e-05
  ]
 ],
 "templeR0042": [
  [
   -0.9998470379537372,
   -0.009192063633978325,
   0.01487973996032388,
   0.018591536610872275
  ],
  [
   0.01013038339210742,
   -0.9978814593930037,
   0.06426482966614108,
   -0.999069877011865
  ],
  [
   0.01425749022327844,
   0.06440573705686556,
   0.9978219405318237,
   0.03903046339982441
  ]
 ],
 "templeR0044": [
  [
   -0.999147839442521,
   -0.040422097851845494,
   0.008345594202834471,
   0.09286156486671965
  ],
  [
   0.04067223467042717,
   -0.9298103170401615,
   0.36578483245288923,
   -4.5206373633862755
  ],
  [
   -0.0070259706985055445,
   0.36581255901203064,
   0.9306620264117437,
   0.7137085921275251
  ]
 ],
 "templeR0032": [
  [
   -0.984608768043934,
   0.06666050053943762,
   0.16156098402410796,
   -1.616430785074825
  ],
  [
   0.08058719268962558,
   -0.6471098882616368,
   0.7581256471643848,
   -9.073945833589562
  ],
  [
   0.15508474543104356,
   0.7594769056277114,
   0.6317780872685799,
   4.028341989857917
  ]
 ],
 "templeR0034": [
  [
   -0.9825520348333986,
   0.06378316667295461,
   0.17470891933132102,
   -1.7693535014107231
  ],
  [
   0.11242098045357071,
   -0.5446535873503295,
   0.831092048415983,
   -9.963193883816668
  ],
  [
   0.14816552230058724,
   0.8362321313101925,
   0.5279799243965693,
   5.167143349451262
  ]
 ],
 "templeR0036": [
  [
   -0.9840922105869669,
   0.01827219137919457,
   0.1767162926395266,
   -1.8161414076458953
  ],
  [
   0.15837353558417,
   -0.36048983345892227,
   0.9192197252013948,
   -11.006197975035892
  ],
  [
   0.08050058564151163,
   0.9325841554492337,
   0.35186140555112466,
   7.369880859028848
  ]
 ],
 "templeR0038": [
  [
   -0.9809971801971737,
   -0.005792287334179455,
   0.19393550951961352,
   -2.032167015057675
  ],
  [
   0.19344417544356918,
   -0.10628362795037327,
   0.9753374500226392,
   -11.63525033438544
  ],
  [
   0.014962734781831646,
   0.9943189829411611,
   0.10538442356773414,
   10.272692763744182
  ]
 ],
 "templeR0015": [
  [
   0.9991063465078723,
   -0.041482378985556165,
   -0.008106824371484113,
   0.0878129038570526
  ],
  [
   0.041975824456209454,
   0.9513208758324302,
   0.3053303479293197,
   -3.586848054007285
  ],
  [
   -0.004953637947295813,
   -0.30539777903435483,
   0.9522119816679322,
   0.5016801102205517
  ]
 ],
 "templeR0017": [
  [
   0.9965879213556569,
   -0.08010598222471975,
   -0.019888353874163163,
   0.22417242706759002
  ],
  [
   0.07769842676885312,
   0.8292144121818575,
   0.5535037606986439,
   -6.51866027807424
  ],
  [
   -0.02784725274881212,
   -0.5531604561442451,
   0.8326091761881047,
   1.8570665659386005
  ]
 ],
 "templeR0019": [
  [
   0.98808200699844,
   -0.15361376358169831,
   -0.00983661955151214,
   0.12716605895341057
  ],
  [
   0.10792379627807319,
   0.645792270299957,
   0.7558470730364418,
   -8.91971411701594
  ],
  [
   -0.10975610070909067,
   -0.7479004982342862,
   0.6546743030683598,
   3.8636305915824547
  ]
 ],
 "templeR0021": [
  [
   0.9870198837519093,
   -0.1490198419441991,
   -0.059873498188208446,
   0.7003196143746072
  ],
  [
   0.12336407923545362,
   0.4648215022120913,
   0.8767680850918809,
   -10.391952137673503
  ],
  [
   -0.1028253520915742,
   -0.8727737723993663,
   0.47717176066802514,
   5.99015811889416
  ]
 ]
}