{
 "templeR0013": [
  [
   1.0,
   0.0,
   0.0,
   0.0
  ],
  [
   0.0,
   1.0,
   0.0,
   0.0
  ],
  [
   0.0,
   0.0,
   1.0,
   0.0
  ]
 ],
 "templeR0042": [
  [
   -0.9998474314100423,
   -0.009195563812720287,
   0.014851111369414883,
   0.01858482401189299
  ],
  [
   0.010132054209696463,
   -0.9978813441815275,
   0.06426635520985909,
   -0.999061239666152
  ],
  [
   0.01422868160555759,
   0.06440702244813214,
   0.9978222687829399,
   0.03913110927610864
  ]
 ],
 "templeR0044": [
  [
   -0.9991512808402986,
   -0.04033211319554454,
   0.008368909150699908,
   0.09287716548506801
  ],
  [
   0.04059686938499148,
   -0.929805541999486,
   0.36580534203751075,
   -4.520658314201037
  ],
  [
   -0.006972244353780786,
   0.3658346275466882,
   0.9306537557526147,
   0.713660647861807
  ]
 ],
 "templeR0032": [
  [
   -0.9846069616541324,
   0.06634785394252325,
   0.16170062875400107,
   -1.616449762569749
  ],
  [
   0.08089093881765287,
   -0.6471296020891555,
   0.7580764698347587,
   -9.07376230896009
  ],
  [
   0.15493801044100317,
   0.7594874853328083,
   0.6318013711155036,
   4.028488627964424
  ]
 ],
 "templeR0034": [
  [
   -0.9825273791968426,
   0.06393924553553873,
   0.17479050892119374,
   -1.76937196851572
  ],
  [
   0.1124412125148262,
   -0.5444586649767617,
   0.831217020915668,
   -9.963632795898484
  ],
  [
   0.14831359633148783,
   0.836347137863261,
   0.5277561388853301,
   5.166832688740197
  ]
 ],
 "templeR0036": [
  [
   -0.9841281552294062,
   0.018353000884808374,
   0.17650762432055994,
   -1.8161354834953194
  ],
  [
   0.1581142088816718,
   -0.36090590352827423,
   0.9191010965874011,
   -11.005932464686584
  ],
  [
   0.08057090687393781,
   0.932421630034912,
   0.3522757908351768,
   7.370063228760737
  ]
 ],
 "templeR0038": [
  [
   -0.9809532145700715,
   -0.005897780130997621,
   0.19415459565554877,
   -2.032097737455546
  ],
  [
   0.1936771827184441,
   -0.1060113594531229,
   0.9753208398066492,
   -11.63506002998363
  ],
  [
   0.01483036475915657,
   0.9943474281439196,
   0.10513444927654902,
   10.272649146249238
  ]
 ],
 "templeR0015": [
  [
   0.9991055761473185,
   -0.04150551766100643,
   -0.008083298523901114,
   0.0878157547685228
  ],
  [
   0.04199067785278238,
   0.9513205776799389,
   0.30532923452589844,
   -3.5868459517662856
  ],
  [
   -0.004983039714719234,
   -0.3053955639599225,
   0.9522125386849316,
   0.5016869179796415
  ]
 ],
 "templeR0017": [
  [
   0.9966001888863201,
   -0.07993378026372062,
   -0.019966328768762392,
   0.22416428487843784
  ],
  [
   0.07759735879947584,
   0.8292059896130068,
   0.5535305562453255,
   -6.5186825751583095
  ],
  [
   -0.027689590446528634,
   -0.5531979912858193,
   0.8325894961013129,
   1.8570342131139386
  ]
 ],
 "templeR0019": [
  [
   0.9880616154866722,
   -0.15374684088022927,
   -0.009805759594074981,
   0.1271688742408094
  ],
  [
   0.10798918975959232,
   0.6457915051028936,
   0.7558383867150475,
   -8.919710841130424
  ],
  [
   -0.10987528792651283,
   -0.7478738134580516,
   0.6546847945742875,
   3.8636355543514336
  ]
 ],
 "templeR0021": [
  [
   0.9870280155347257,
   -0.1489655328999131,
   -0.059874590248503834,
   0.7003202521166599
  ],
  [
   0.12334068581369399,
   0.46483858664991057,
   0.8767623187525347,
   -10.391933885472083
  ],
  [
   -0.10277534613217779,
   -0.8727739445980033,
   0.47718221871550554,
   5.990166700229918
  ]
 ]
}