{
 "templeR0013": [
  [
   0.9999999980543895,
   -6.182408976101661e-05,
   -8.30679697754476e-06,
   1.0917389496991027e-06
  ],
  [
   6.18238845540505e-05,
   0.9999999977838219,
   -2.4701487159707566e-05,
   -1.9898692234038137e-06
  ],
  [
   8.308324106089183e-06,
   2.4700973553192636e-05,
   0.9999999996604169,
   -1.1492911633212768e-05
  ]
 ],
 "templeR0042": [
  [
   -0.9998470379537039,
   -0.009192063636719271,
   0.014879739960870938,
   0.018591536609900317
  ],
  [
   0.010130383394891779,
   -0.9978814593929142,
   0.06426482966709034,
   -0.9990698770114197
  ],
  [
   0.014257490223638137,
   0.0644057370578595,
   0.9978219405317548,
   0.039030463398046805
  ]
 ],
 "templeR0044": [
  [
   -0.999147839442374,
   -0.04042209785554494,
   0.008345594202507873,
   0.09286156486590305
  ],
  [
   0.0406722346737557,
   -0.9298103170402912,
   0.3657848324521893,
   -4.520637363385541
  ],
  [
   -0.007025970700133051,
   0.36581255901129206,
   0.9306620264120212,
   0.713708592128592
  ]
 ],
 "templeR0032": [
  [
   -0.9846087680467632,
   0.06666050050412095,
   0.161560984021438,
   -1.6164307850696085
  ],
  [
   0.08058719271073905,
   -0.6471098882589508,
   0.758125647164433,
   -9.073945833588006
  ],
  [
   0.15508474540211062,
   0.7594769056330998,
   0.6317780872692039,
   4.028341989855214
  ]
 ],
 "templeR0034": [
  [
   -0.982552034833518,
   0.06378316667403755,
   0.17470891933025381,
   -1.7693535014090045
  ],
  [
   0.11242098045242804,
   -0.5446535873484196,
   0.8310920484173893,
   -9.96319388380961
  ],
  [
   0.14816552230066202,
   0.8362321313113538,
   0.5279799243947086,
   5.167143349454471
  ]
 ],
 "templeR0036": [
  [
   -0.9840922105876844,
   0.018272191347186578,
   0.17671629263884064,
   -1.816141407644087
  ],
  [
   0.15837353559503972,
   -0.3604898334562576,
   0.919219725200567,
   -11.006197975034977
  ],
  [
   0.08050058561135598,
   0.9325841554508908,
   0.35186140555363155,
   7.3698808590268206
  ]
 ],
 "templeR0038": [
  [
   -0.980997180197167,
   -0.005792287319716857,
   0.19393550952007965,
   -2.0321670150573596
  ],
  [
   0.19344417544242926,
   -0.10628362795564394,
   0.9753374500222912,
   -11.635250334386988
  ],
  [
   0.014962734797011337,
   0.9943189829406821,
   0.10538442357010036,
   10.272692763745523
  ]
 ],
 "templeR0015": [
  [
   0.9991063465078813,
   -0.041482378985335314,
   -0.008106824371508434,
   0.08781290385735364
  ],
  [
   0.04197582445600774,
   0.9513208758325103,
   0.30533034792909775,
   -3.5868480540074392
  ],
  [
   -0.004953637947195378,
   -0.30539777903413523,
   0.9522119816680032,
   0.5016801102205224
  ]
 ],
 "templeR0017": [
  [
   0.996587921355284,
   -0.08010598222939609,
   -0.01988835387401309,
   0.2241724270676347
  ],
  [
   0.07769842677267148,
   0.829214412181706,
   0.5535037606983348,
   -6.518660278074421
  ],
  [
   -0.02784725275150321,
   -0.553160456143795,
   0.8326091761883136,
   1.8570665659396473
  ]
 ],
 "templeR0019": [
  [
   0.9880820069991534,
   -0.15361376357710207,
   -0.009836619551606293,
   0.1271660589534717
  ],
  [
   0.10792379627514101,
   0.6457922703004577,
   0.7558470730364327,
   -8.91971411701586
  ],
  [
   -0.10975610070554946,
   -0.7479004982347978,
   0.6546743030683689,
   3.863630591582263
  ]
 ],
 "templeR0021": [
  [
   0.987019883751665,
   -0.14901984194581744,
   -0.05987349818820714,
   0.7003196143748411
  ],
  [
   0.12336407923624179,
   0.4648215022121199,
   0.8767680850917549,
   -10.391952137673858
  ],
  [
   -0.1028253520929732,
   -0.8727737723990748,
   0.4771717606682569,
   5.990158118894231
  ]
 ]
}