{
 "templeR0013": [
  [
   1.0,
   0.0,
   0.0,
   0.0
  ],
  [
   0.0,
   1.0,
   0.0,
   0.0
  ],
  [
   0.0,
   0.0,
   1.0,
   0.0
  ]
 ],
 "templeR0042": [
  [
   -0.9998474314100423,
   -0.009195563812720287,
   0.014851111369414883,
   0.01858482401189299
  ],
  [
   0.010132054209696463,
   -0.9978813441815275,
   0.06426635520985909,
   -0.999061239666152
  ],
  [
   0.01422868160555759,
   0.06440702244813214,
   0.9978222687829399,
   0.03913110927610864
  ]
 ],
 "templeR0044": [
  [
   -0.9991512808402986,
   -0.04033211319554432,
   0.008368909150698718,
   0.09287716548508111
  ],
  [
   0.04059686938499084,
   -0.9298055419994861,
   0.3658053420375105,
   -4.520658314201032
  ],
  [
   -0.006972244353781793,
   0.36583462754668783,
   0.9306537557526151,
   0.7136606478618006
  ]
 ],
 "templeR0032": [
  [
   -0.9846069616541324,
   0.06634785394252735,
   0.16170062875400007,
   -1.6164497625697336
  ],
  [
   0.08089093881765053,
   -0.6471296020891504,
   0.7580764698347636,
   -9.073762308960136
  ],
  [
   0.1549380104410051,
   0.7594874853328125,
   0.6318013711154988,
   4.02848862796448
  ]
 ],
 "templeR0034": [
  [
   -0.9825273791968422,
   0.06393924553555003,
   0.17479050892119222,
   -1.769371968515696
  ],
  [
   0.11244121251482314,
   -0.5444586649767376,
   0.8312170209156842,
   -9.963632795898649
  ],
  [
   0.14831359633149319,
   0.8363471378632759,
   0.527756138885305,
   5.166832688740462
  ]
 ],
 "templeR0036": [
  [
   -0.98412815522941,
   0.018353000884794773,
   0.1765076243205403,
   -1.816135483495094
  ],
  [
   0.15811420888166244,
   -0.3609059035282256,
   0.9191010965874219,
   -11.005932464686786
  ],
  [
   0.08057090687391,
   0.9324216300349312,
   0.3522757908351325,
   7.37006322876122
  ]
 ],
 "templeR0038": [
  [
   -0.9809532145700759,
   -0.005897780131011679,
   0.19415459565552629,
   -2.032097737455294
  ],
  [
   0.19367718271842438,
   -0.10601135945304829,
   0.9753208398066614,
   -11.635060029983723
  ],
  [
   0.014830364759125955,
   0.9943474281439276,
   0.1051344492764793,
   10.272649146250012
  ]
 ],
 "templeR0015": [
  [
   0.9991055761473185,
   -0.04150551766100627,
   -0.008083298523900963,
   0.08781575476852088
  ],
  [
   0.04199067785278218,
   0.9513205776799389,
   0.30532923452589833,
   -3.5868459517662843
  ],
  [
   -0.004983039714719341,
   -0.3053955639599224,
   0.9522125386849316,
   0.5016869179796368
  ]
 ],
 "templeR0017": [
  [
   0.9966001888863201,
   -0.07993378026372125,
   -0.01996632876875967,
   0.22416428487840645
  ],
  [
   0.07759735879947482,
   0.8292059896130062,
   0.5535305562453264,
   -6.518682575158322
  ],
  [
   -0.02768959044653135,
   -0.5531979912858199,
   0.8325894961013123,
   1.8570342131139403
  ]
 ],
 "templeR0019": [
  [
   0.9880616154866717,
   -0.15374684088023305,
   -0.009805759594069118,
   0.12716887424074214
  ],
  [
   0.10798918975958882,
   0.645791505102883,
   0.7558383867150572,
   -8.919710841130533
  ],
  [
   -0.10987528792652101,
   -0.7478738134580599,
   0.6546847945742766,
   3.8636355543515397
  ]
 ],
 "templeR0021": [
  [
   0.9870280155347259,
   -0.14896553289991335,
   -0.05987459024849966,
   0.7003202521166113
  ],
  [
   0.12334068581368886,
   0.46483858664989747,
   0.8767623187525423,
   -10.391933885472163
  ],
  [
   -0.10277534613218188,
   -0.8727739445980102,
   0.477182218715492,
   5.990166700230053
  ]
 ]
}