{
 "templeR0032": [
  [
   1.0,
   0.0,
   0.0,
   0.0
  ],
  [
   0.0,
   1.0,
   0.0,
   0.0
  ],
  [
   0.0,
   0.0,
   1.0,
   0.0
  ]
 ],
 "templeR0047": [
  [
   0.9999209260556872,
   -0.003938923868438277,
   -0.011942634328131215,
   0.2327893659496674
  ],
  [
   0.0033627388936085245,
   0.9988470485897046,
   -0.047888051858156803,
   0.9711977691884892
  ],
  [
   0.012117492441516975,
   0.04784410520006359,
   0.998781311386299,
   0.05083310165683251
  ]
 ],
 "templeR0033": [
  [
   0.9998747325580184,
   0.009663652453214416,
   -0.012535270770697856,
   0.24657723368216944
  ],
  [
   -0.008566563413780915,
   0.996361123326141,
   0.08480050657601082,
   -1.7230496900184695
  ],
  [
   0.013309139089696947,
   -0.0846824996415072,
   0.9963190960084812,
   0.06393897456789092
  ]
 ],
 "templeR0034": [
  [
   0.9997421407441146,
   0.020292251876316825,
   0.010191983818820702,
   -0.1893772989534713
  ],
  [
   -0.022002691833002155,
   0.9766312489673392,
   0.21379262169821714,
   -4.346541465939804
  ],
  [
   -0.005615476157631435,
   -0.2139617443710047,
   0.9768258997248384,
   0.34180709473316634
  ]
 ],
 "templeR0035": [
  [
   0.9993098217937466,
   0.03691880807178485,
   0.00410873181276223,
   -0.07193737196767583
  ],
  [
   -0.036210328376873144,
   0.9434631739562553,
   0.3294936289326817,
   -6.708097084527131
  ],
  [
   0.008288074890437872,
   -0.3294149981390457,
   0.9441488583987501,
   0.9956307677876036
  ]
 ],
 "templeR0046": [
  [
   0.9998212306171976,
   -0.01738414974192444,
   -0.00743627224237775,
   0.144007068871947
  ],
  [
   0.01548265684990948,
   0.9784787401985595,
   -0.20576598921179323,
   4.142831039805456
  ],
  [
   0.01085330106374832,
   0.20561407130152887,
   0.9785729709831706,
   0.5102747397558525
  ]
 ],
 "templeR0045": [
  [
   0.9992980390034424,
   -0.03459675607142318,
   -0.01436988911609634,
   0.27016148078316216
  ],
  [
   0.02734524125640551,
   0.9358133826078094,
   -0.35143356514817803,
   7.069735607169868
  ],
  [
   0.025605995870175383,
   0.3507939244078554,
   0.9361025347546242,
   1.382909816936583
  ]
 ],
 "templeR0036": [
  [
   0.9985791485428697,
   0.052416103980559375,
   0.009603964748821086,
   -0.1810632516787264
  ],
  [
   -0.051194067815153455,
   0.8935864986924146,
   0.4459622593618981,
   -9.082516089994366
  ],
  [
   0.014793630924654027,
   -0.44582027925850415,
   0.8950002385954624,
   1.9635202594561312
  ]
 ],
 "templeR0044": [
  [
   0.9988238799899596,
   -0.047843476422214634,
   -0.007865019112492261,
   0.13680032548988055
  ],
  [
   0.03812657002016817,
   0.8752333971107845,
   -0.4821958784979533,
   9.701672778880072
  ],
  [
   0.029953654539973756,
   0.4813288920745904,
   0.8760281252528067,
   2.615205028203238
  ]
 ],
 "templeR0037": [
  [
   0.9975263339640688,
   0.06830136035844044,
   0.016617377091210174,
   -0.3268953011419161
  ],
  [
   -0.06574193566899471,
   0.8228040795077959,
   0.5645099154486326,
   -11.490133460659889
  ],
  [
   0.02488394949960268,
   -0.5642059649795588,
   0.8252590006408813,
   3.302727974929326
  ]
 ],
 "templeR0038": [
  [
   0.9962961455814501,
   0.08114339722553865,
   0.028455920056194798,
   -0.5619295580798771
  ],
  [
   -0.07937935266388921,
   0.7406723718979638,
   0.6671606672142074,
   -13.585525230403235
  ],
  [
   0.03305916923045717,
   -0.6669484137425794,
   0.7443701396053237,
   4.933590783563089
  ]
 ],
 "templeR0043": [
  [
   0.9980422267908806,
   -0.0625295479576907,
   -0.001330103194155656,
   -0.0013661809173453985
  ],
  [
   0.04927869162013542,
   0.7992837841182183,
   -0.598929914929843,
   12.048149698184009
  ],
  [
   0.038513946753193695,
   0.5976918002431255,
   0.8008003420501416,
   4.154087936031151
  ]
 ],
 "templeR0039": [
  [
   0.9950180517092979,
   0.08984200756602599,
   0.04321447036744717,
   -0.8591788017358423
  ],
  [
   -0.09120536407475126,
   0.6452861211006667,
   0.7584770289724323,
   -15.453250972493045
  ],
  [
   0.04025740101676847,
   -0.7586397271375669,
   0.6502654120219015,
   6.792299346972467
  ]
 ],
 "templeR0042": [
  [
   0.9970816339478876,
   -0.07585070277518062,
   0.008653677387199382,
   -0.20669657724920842
  ],
  [
   0.06004080277111563,
   0.7091034756972586,
   -0.7025434952774579,
   14.12669618458507
  ],
  [
   0.04715206513410111,
   0.7010127899279575,
   0.7115881892717241,
   5.975953067855795
  ]
 ],
 "templeR0013": [
  [
   -0.9956228977436645,
   0.09327425142379564,
   -0.005912656749646195,
   0.48931110510460335
  ],
  [
   -0.06725565282646129,
   -0.6710948234046497,
   0.7383145773736075,
   -15.26736289413968
  ],
  [
   0.06489778618254315,
   0.7354805585607362,
   0.6744305934103172,
   6.698132324486522
  ]
 ],
 "templeR0014": [
  [
   -0.9941194983506658,
   0.10656785097783944,
   -0.019228003978196483,
   0.7615154703821353
  ],
  [
   -0.07626038609660526,
   -0.5629027674146828,
   0.8229974653358832,
   -16.959790525508602
  ],
  [
   0.07688157458986664,
   0.8196241623908221,
   0.5677195222235418,
   8.86190294252236
  ]
 ],
 "templeR0015": [
  [
   -0.9920900501592982,
   0.12073617005590191,
   -0.03435272354782935,
   1.0725006048881052
  ],
  [
   -0.08409735249363907,
   -0.436104179333888,
   0.8959580236099661,
   -18.405946986794604
  ],
  [
   0.0931931739908126,
   0.8917600136851552,
   0.4428082094019594,
   11.401910640918306
  ]
 ],
 "templeR0016": [
  [
   -0.9908974834768534,
   0.1232362707607813,
   -0.054175629283051335,
   1.47437589293977
  ],
  [
   -0.08986202808837697,
   -0.3058782662050964,
   0.9478202900187398,
   -19.423309210109938
  ],
  [
   0.10023469033764187,
   0.9440610720882097,
   0.3141682654575054,
   14.051116118764456
  ]
 ],
 "templeR0017": [
  [
   -0.9894904483882805,
   0.12717547330610646,
   -0.06881171076006981,
   1.7649488209330169
  ],
  [
   -0.09260623522309044,
   -0.1918694169560533,
   0.9770415610580491,
   -20.003945748912354
  ],
  [
   0.11105286014401136,
   0.9731456858180648,
   0.2016301972114357,
   16.288161880070835
  ]
 ],
 "templeR0018": [
  [
   -0.9900608451039761,
   0.11378216806607572,
   -0.08266281644236388,
   2.0300718000492415
  ],
  [
   -0.09228818281344725,
   -0.08209647002975284,
   0.9923422095837937,
   -20.31100467976729
  ],
  [
   0.10612452263728862,
   0.9901079677685851,
   0.09178125002510318,
   18.559482251694885
  ]
 ],
 "templeR0019": [
  [
   -0.9890759654573598,
   0.11303638205443584,
   -0.09461242458913774,
   2.2664786773524432
  ],
  [
   -0.0954838465210211,
   -0.0023080388034814048,
   0.9954283038021532,
   -20.4218845216778
  ],
  [
   0.11230124490913601,
   0.9935881688551476,
   0.013075974263243806,
   20.102188299624906
  ]
 ],
 "templeR0020": [
  [
   -0.9883507856554326,
   0.10948060536177771,
   -0.10572001486902982,
   2.487347628216585
  ],
  [
   -0.09842756545736232,
   0.07001245838645498,
   0.9926783316003331,
   -20.426455107237874
  ],
  [
   0.11608074281475741,
   0.991520172623988,
   -0.058420958801363776,
   21.592478061566222
  ]
 ],
 "templeR0021": [
  [
   -0.9862579304255017,
   0.11522045496593003,
   -0.11840414448088522,
   2.752844762761037
  ],
  [
   -0.09864174787791616,
   0.16424596734629604,
   0.9814749450628216,
   -20.228541253995992
  ],
  [
   0.13253339295587313,
   0.9796670398497253,
   -0.15062334076656458,
   23.439728120320257
  ]
 ],
 "templeR0022": [
  [
   -0.9798882905438078,
   0.141160623505093,
   -0.1410411869873035,
   3.2392595555602175
  ],
  [
   -0.10068310125624251,
   0.2604920918421756,
   0.9602118428810967,
   -19.815099213929606
  ],
  [
   0.17228421627229623,
   0.9551008053914206,
   -0.24104066122565282,
   25.2678873546341
  ]
 ],